rank,feature,type,importance,owner,owner_value,ratio,chatgpt-4o-latest-20250326_mean,claude-3-5-haiku-20241022_mean,deepseek-r1-0528_mean
1,* **,CHAR,0.04207620024681091,deepseek-r1-0528,0.03954261263435847,14.238546028304498,0.0034824526333697096,0.0020718502171048494,0.03954261263435847
2,** ,CHAR,0.019922683015465736,deepseek-r1-0528,0.07493505583723215,2.625207010278715,0.050302256112284,0.006786615674683671,0.07493505583723215
3,:** ,CHAR,0.018896758556365967,deepseek-r1-0528,0.062430591897443495,7.2767146129941995,0.012911685482860584,0.004247317704991563,0.062430591897443495
4,s*,CHAR,0.017113616690039635,chatgpt-4o-latest-20250326,0.018047690263357993,2.397540051842376,0.018047690263357993,0.0022687376480237244,0.012786433465342494
5,atio,CHAR,0.013306147418916225,claude-3-5-haiku-20241022,0.02930081661856629,1.4390472330346604,0.017747046779607527,0.02930081661856629,0.0229754736587655
6,nn jj nnp nnp nn,POS,0.013068269938230515,deepseek-r1-0528,0.01577059371880952,2.285015240995803,0.010603614812994263,0.003199874241128194,0.01577059371880952
7,. -,CHAR,0.011878485791385174,chatgpt-4o-latest-20250326,0.020224905816886882,1.9965318110853456,0.020224905816886882,0.0018713644214536885,0.018388672216139882
8,tio,CHAR,0.011806041933596134,claude-3-5-haiku-20241022,0.04712082983416861,1.2822388339812965,0.03334504616440916,0.04712082983416861,0.04015269435499413
9,**,CHAR,0.011777281761169434,deepseek-r1-0528,0.1888624973833047,2.02436315946579,0.16204402295959403,0.024545517040512034,0.1888624973833047
10, *,CHAR,0.011159036308526993,deepseek-r1-0528,0.1273964630864598,2.521698263267997,0.08645196204242654,0.01458824758175109,0.1273964630864598
11,let me know if you,WORD,0.0089640524238348,chatgpt-4o-latest-20250326,0.04630631301670364,8.758926238836288,0.04630631301670364,0.0017036878912019954,0.008869823745980067
12,* *,CHAR,0.00808783620595932,deepseek-r1-0528,0.05344377885118667,13.5983862796377,0.0051529071994045935,0.0027074027158722476,0.05344377885118667
13,know if you,WORD,0.007378371432423592,chatgpt-4o-latest-20250326,0.04630631301670364,8.758926238836288,0.04630631301670364,0.0017036878912019954,0.008869823745980067
14,. **,CHAR,0.007200132589787245,deepseek-r1-0528,0.033758662122477134,2.899596771904441,0.018087221495663285,0.0051978501046253565,0.033758662122477134
15,pro,CHAR,0.006466974504292011,claude-3-5-haiku-20241022,0.025294160170111782,1.5056874684445984,0.015406367139738936,0.025294160170111782,0.018191785457697004
16,* ,CHAR,0.006089911330491304,deepseek-r1-0528,0.11399756670696098,3.3983678857161785,0.05525023092942706,0.011839364512985754,0.11399756670696098
17,let me know,WORD,0.00563391437754035,chatgpt-4o-latest-20250326,0.06724687837145421,7.789146231721558,0.06724687837145421,0.004006674400613679,0.01326013985136245
18,- **,CHAR,0.0055890800431370735,chatgpt-4o-latest-20250326,0.03232538026250602,2.3821970062337936,0.03232538026250602,0.003936164779348966,0.02320296585990475
19,# ,CHAR,0.005393284372985363,chatgpt-4o-latest-20250326,0.024679286489978906,3.1381325694588984,0.024679286489978906,0.005508939152676216,0.010219703793789066
20,pr,CHAR,0.004910103045403957,claude-3-5-haiku-20241022,0.03897472833566648,1.3509485012001068,0.02560742501181267,0.03897472833566648,0.03209237176074383
21,"
-",CHAR,0.004881150089204311,claude-3-5-haiku-20241022,0.07465079522835143,3.1147223515937656,0.04203596947254195,0.07465079522835143,0.005898185605795084
22,--,CHAR,0.004686469677835703,chatgpt-4o-latest-20250326,0.09227720848383324,5.038346381056444,0.09227720848383324,0.005069279266827106,0.03156067686022191
23,"
- ",CHAR,0.004354958422482014,claude-3-5-haiku-20241022,0.07469136637430669,3.1221047851772643,0.04201524080516256,0.07469136637430669,0.005831560241882475
24, di,CHAR,0.004288083408027887,claude-3-5-haiku-20241022,0.016693343656764996,1.3648651345881684,0.011122109171839317,0.016693343656764996,0.013339417273316563
25,elaborate on any,WORD,0.004168694373220205,claude-3-5-haiku-20241022,0.01993481744752871,27.85485221676278,0.0010577764452845402,0.01993481744752871,0.00037355691362518173
26,like me to elaborate,WORD,0.0040780529379844666,claude-3-5-haiku-20241022,0.022899845654370553,33.091812421255604,0.0010228088286422929,0.022899845654370553,0.00036120799528053794
27,nn jj nnp,POS,0.003975613974034786,deepseek-r1-0528,0.05151861563557529,1.8068084099592594,0.04513817262573899,0.011889029090605177,0.05151861563557529
28,- ,CHAR,0.0039277891628444195,claude-3-5-haiku-20241022,0.06914332939424807,1.362772582939508,0.06862329975446002,0.06914332939424807,0.03285119261070473
29,jj nnp nnp nnp,POS,0.0038751685060560703,deepseek-r1-0528,0.07301093093663912,2.2932388615428825,0.046220367343265734,0.017454577179764695,0.07301093093663912
30,nnp nnp nnp nn nn,POS,0.003805812681093812,deepseek-r1-0528,0.021665001809107146,2.3744971940166058,0.013209533056809449,0.0050385402525232915,0.021665001809107146
31,. *,CHAR,0.0037890097592025995,deepseek-r1-0528,0.046967622127877674,3.8661160075780123,0.01835150403346391,0.005945551807436869,0.046967622127877674
32,cd vb jj,POS,0.0037726943846791983,deepseek-r1-0528,0.06699535643196734,2.534131695763977,0.03775892761285874,0.015115478251543852,0.06699535643196734
33, (,CHAR,0.0037002277094870806,deepseek-r1-0528,0.04534373100441263,2.317075784954672,0.02569498493245361,0.01344376830277895,0.04534373100441263
34,me to elaborate,WORD,0.003571302630007267,claude-3-5-haiku-20241022,0.022899845654370553,33.091812421255604,0.0010228088286422929,0.022899845654370553,0.00036120799528053794
35,jj nns cd,POS,0.0034769284538924694,claude-3-5-haiku-20241022,0.02482417200577027,2.7693133081576367,0.0065519988240039665,0.02482417200577027,0.011376033488794863
36,in dt nn cc,POS,0.003305700607597828,chatgpt-4o-latest-20250326,0.013671422576955847,1.2300109923144862,0.013671422576955847,0.010264035273091516,0.01196571947279027
37,""" ",CHAR,0.003096828004345298,deepseek-r1-0528,0.02037263342315523,1.9507921237036818,0.008234372056485507,0.012652150115527974,0.02037263342315523
38,jj nn nns,POS,0.0029683003667742014,claude-3-5-haiku-20241022,0.05369025718423848,2.06438167317081,0.022085708517992738,0.05369025718423848,0.029930113766837626
39,f ,CHAR,0.0029575449880212545,chatgpt-4o-latest-20250326,0.03244624549848473,1.2129795439400195,0.03244624549848473,0.026976566840349252,0.026521852729222015
40,nn jj nn in,POS,0.0028996188193559647,deepseek-r1-0528,0.011254964041677308,1.6459447287725424,0.006077772076966313,0.007598218615778185,0.011254964041677308
41,##,CHAR,0.0028563414234668016,chatgpt-4o-latest-20250326,0.04893647702746968,3.236384711350082,0.04893647702746968,0.008832276682774445,0.021409167493786848
42,: ,CHAR,0.002834532642737031,chatgpt-4o-latest-20250326,0.02341182316125771,1.1232393998160342,0.02341182316125771,0.018832459720672084,0.02285379530537621
43,na,CHAR,0.0028302448336035013,claude-3-5-haiku-20241022,0.030336328435497547,1.1487804405210684,0.024291903009252366,0.030336328435497547,0.028522936479061053
44,ica,CHAR,0.0027802155818790197,claude-3-5-haiku-20241022,0.02370358521302047,1.5847645519881595,0.01292960515792859,0.02370358521302047,0.01698472324942844
45,".
",CHAR,0.002719026291742921,chatgpt-4o-latest-20250326,0.02041435596036377,1.9110242521327168,0.02041435596036377,0.003273747617708303,0.018091082291233934
46,the ,CHAR,0.00271641556173563,deepseek-r1-0528,0.05201979387587959,1.1087120314297734,0.0490303372509427,0.04480790260306854,0.05201979387587959
47, 1,CHAR,0.0026749088428914547,claude-3-5-haiku-20241022,0.012135624295578816,1.2210858048452027,0.008683337181870854,0.012135624295578816,0.011193436467187243
48,like me to elaborate on,WORD,0.0025857705622911453,claude-3-5-haiku-20241022,0.022899845654370553,33.091812421255604,0.0010228088286422929,0.022899845654370553,0.00036120799528053794
49,", ",CHAR,0.002585438545793295,deepseek-r1-0528,0.08655372657104886,1.2243057120104013,0.08066334657938301,0.0607289943982891,0.08655372657104886
50,cc jj nnp nnp,POS,0.0025653885677456856,deepseek-r1-0528,0.016917203522925757,4.415909832619937,0.005535474446045295,0.002126456955746501,0.016917203522925757
